ID,Intent,IntentFullName,Questions,Raw data,BaseResponse,IntentType,Corresponding Data,Verb Of Questions,CriticalData,Page,Reference Document ID,Synonyms ID,Correction
1,5DieuBacDayThieuNien,5 điều Bác dạy thiếu niên,5 điều Bác Hồ dạy là gì ?# 5 điều Bác Hồ dạy thiếu niên là gì ?# 5 điều Hồ Chí Minh căn dặn thanh thiếu niên ?# 5 điều Bác Hồ dạy thanh thiếu niên nhi đồng ?,"1. Yêu Tổ quốc, yêu đồng bào.
2. Học tập tốt, lao động tốt.
3. Đoàn kết tốt, kỷ luật tốt.
4. Giữ gìn vệ sinh thật tốt.
5. Khiêm tốn, thật thà, dũng cảm.",5 Điều Bác Hồ dạy,1,"1. Yêu Tổ quốc, yêu đồng bào.
2. Học tập tốt, lao động tốt.
3. Đoàn kết tốt, kỷ luật tốt.
4. Giữ gìn vệ sinh thật tốt.
5. Khiêm tốn, thật thà, dũng cảm.",V:dạy,MISC:M:5+N:điều+PER:Hồ_Chí_Minh,,,"35,36",
2,BacHoSinh,Ngày Bác Hồ ra đời ,Bác Hồ sinh năm nào ?# Bác Hồ sinh ở đâu ?# Hồ Chí Minh ra đời ở đâu vào năm nào ?# Khi nào Hồ Chí Minh ra đời và ở đâu ?# Bác Hồ sinh ngày 19/5/1890 tại làng Kim Liên đúng không ?,"Bác Hồ sinh ngày 19/5/1890 ở làng Kim Liên, xã Nam Liên (nay là xã Kim Liên), huyện Nam Đàn, tỉnh Nghệ An.",Bác Hồ sinh,"2,3","ngày 19/5/1890#tại làng Kim Liên, xã Nam Liên (nay là xã Kim Liên), huyện Nam Đàn, tỉnh Nghệ An",V:sinh,PER:Hồ_Chí_Minh,,,4,
3,ThuChucMungNamMoi,Thư chúc mừng năm mới,Thư chúc mừng năm mới viết từ bao giờ ?# Vào ngày bao nhiêu Thư chúc mừng năm mới được viết ?# Thư chúc mừng năm mới được viết bởi người nào ?# Thư chúc mừng năm mới do người nào viết và viết vào năm bao nhiêu ?# Thư chúc mừng năm mới được viết ngày 1 tháng 1 năm 1949 phải không ?# Nào có phải Thư chúc mừng năm mới được viết bởi Hồ Chí Minh ?# Thư chúc mừng năm do Hồ Chí Minh viết và viết vào ngày 1 tháng 1 năm 1949 thật không ?,Thư chúc mừng năm mới viết ngày 1-1-1949 bởi Hồ Chí Minh,Thư chúc mừng năm mới viết,"2,4,7",ngày 1-1-1949#bởi Hồ Chí Minh,V:viết,MISC:N:Thư+V:chúc_mừng+N:năm+R:mới,1,HoChiMinhToanTap6,"2,19,37",NS:(N:Thư+V:chúc mừng+N:năm+R:mới)
4,TuyenNgonDangCongSan,Tuyên ngôn Đảng Cộng sản,Tuyên ngôn Đảng Cộng sản phát biểu năm nào ?# Lúc nào Tuyên ngôn Đảng Cộng sản được phát biểu ?# người nào đã phát biểu Tuyên ngôn Đảng Cộng sản ?# Tuyên ngôn Đảng Cộng sản được phát biểu bởi người nào ?# Tuyên ngôn Đảng Cộng sản được phát biểu vào năm nào và bởi người nào ?# Tuyên ngôn Đảng Cộng sản được phát biểu năm 1847 có phải không ?# Mác và Ăngghen đã phát biểu Tuyên ngôn Đảng Cộng sản có đúng không ?# Tuyên ngôn Đảng Cộng sản được phát biểu bởi Mác và Ăngghen và phát biểu vào năm 1847 đúng không ?,"Năm 1847, Mác và Ăngghen phát biểu “Tuyên ngôn Đảng Cộng sản”",Tuyên ngôn Đảng Cộng sản phát biểu,"2,4,7",năm 1847#bởi Mác và Ăngghen,V:phát_biểu,MISC:N:Tuyên_ngôn+Np:Đảng Cộng_sản,2,HoChiMinhToanTap6,3,
5,NguoiCongSanDauTien,Người cộng sản đầu tiên của Đông Dương,Người cộng sản đầu tiên của Đông Dương là ai ?# Ở Đông Dương có người cộng sản đầu tiên là ai ?# Người nào là cộng sản đầu tiên của Đông Dương ?# Người cộng sản đầu tiên của Đông Dương là Nguyễn Ái Quốc phải không ?# Nguyễn Ái Quốc là người cộng sản đầu tiên của của Đông Dương đúng không ?,Người cộng sản đầu tiên của Đông Dương là Nguyễn Ái Quốc.,Người cộng sản đầu tiên của Đông Dương,4,là Nguyễn Ái Quốc,,MISC:N:người+N:cộng_sản+A:đầu tiên+Np:Đông_Dương,2,HoChiMinhToanTap6,"6,30",
6,VietNamThanhNienCachMangDongChiHoi,Việt Nam Thanh niên Cách mạng đồng chí Hội,Việt Nam Thanh niên Cách mạng đồng chí Hội được tổ chức vào năm nào ?# Những người nào đã tổ chức Việt Nam Thanh niên Cách mạng đồng chí Hội ?# Việt Nam Thanh niên Cách mạng đồng chí Hội được tổ chức ở đâu ?# Việt Nam Thanh niên Cách mạng đồng chí Hội được tổ chức bao giờ và bởi người nào ?# Việt Nam Thanh niên Cách mạng đồng chí Hội được tổ chức ở đâu và bởi người nào ?# Việt Nam Thanh niên Cách mạng đồng chí Hội được tổ chức thời điểm nào và ở đâu ?# Việt Nam Thanh niên Cách mạng đồng chí Hội được tổ chức ngày nào ở đâu và bởi người nào ?# Việt Nam Thanh niên Cách mạng đồng chí Hội được tổ chức vào năm 1925 phải không ?# Việt Nam Thanh niên Cách mạng đồng chí Hội được tổ chức tại Quảng Châu có đúng không ?# Việt Nam Thanh niên Cách mạng đồng chí Hội được tổ chức bởi Nguyễn Ái Quốc phải không ?,"Năm 1925, đồng chí Nguyễn Ái Quốc cùng anh em cách mạng Việt Nam ở Quảng Châu tổ chức Việt Nam Thanh niên Cách mạng đồng chí Hội.",Việt Nam Thanh niên Cách mạng đồng chí Hội tổ chức,"2,3,4","năm 1925#tại Quảng Châu, Trung Quốc#bởi Nguyễn Ái Quốc cùng anh em cách mạng Việt Nam",V:tổ_chức,ORG:Việt_Nam_Thanh_niên_Cách_mạng_đồng_chí_Hội,2,HoChiMinhToanTap6,7,ORG:Việt_Nam_Thanh_niên_Cách_mạng_đồng_chí_Hội
7,CacNhomCongSanNuocTaBanDau,Các nhóm cộng sản nước ta ban đầu,Ban đầu nước Việt Nam thành lập bao nhiêu nhóm cộng sản ?# Ban đầu có bao nhiêu nhóm cộng sản được lập nên ở Việt Nam ?# Ban đầu nước ta thành lập những nhóm cộng sản nào ?# Ban đầu nước ta thành lập bao nhiêu nhóm cộng sản và là những nhóm nào ?# Ban đầu nước Việt Nam có 3 nhóm cộng sản phải không ?# Ban đầu nước Việt Nam thành lập Đông Dương Cộng sản Đảng An Nam Cộng sản Đảng và Đông Dương Cộng sản Liên đoàn phải không ?,"Ban đầu, trong nước thành lập ba nhóm cộng sản: Đông Dương Cộng sản Đảng, An Nam Cộng sản Đảng và Đông Dương Cộng sản Liên đoàn. ","Ban đầu, trong nước thành lập","6,1,7","3 nhóm cộng sản#các nhóm cộng sản: Đông Dương Cộng sản Đảng, An Nam Cộng sản Đảng và Đông Dương Cộng sản Liên đoàn",V:thành_lập,MISC:N:nhóm+N:cộng_sản+Np:Việt_Nam+N:ban_đầu,2,HoChiMinhToanTap6,"8,9,10",LOC:Việt_Nam
8,3NhomCongSanTaiVietNam,Lý do 3 nhóm cộng sản đầu tiên khó thống nhất,Tại sao 3 nhóm cộng sản tại Việt Nam thời kì đầu lại khó đi đến thống nhất ?# Tại sao các nhóm cộng sản tại Việt Nam thời kì đầu lại khó đi đến thống nhất ?# Việt Nam vào thời gian đầu khó thống nhất các đảng là do đâu ?# 3 nhóm cộng sản tại Việt Nam thời kì đầu khó đi đến thống nhất do bệnh hẹp hòi và cách làm không khéo phải không ?# Các nhóm cộng sản tại Việt Nam thời kì đầu khó đi đến thống nhất do bệnh hẹp hòi và cách làm không khéo phải không ?,"3 nhóm cộng sản tại Việt Nam khó thống nhất do bệnh hẹp hòi và cách làm không khéo, cho nên càng muốn gần nhau, lại càng xa nhau. ",3 nhóm cộng sản tại Việt Nam khó thống nhất,"5,7","do bệnh hẹp hòi và cách làm không khéo, cho nên càng muốn gần nhau, lại càng xa nhau. ",,MISC:N:nhóm+N:cộng_sản+Np:Việt_Nam+N:ban_đầu+A:khó+V:thống_nhất,2,HoChiMinhToanTap6,"9,11,12,10",
9,ThongNhatThanhMotDang,Sự thống nhất của Đảng,Ai là người thống nhất các nhóm cộng sản ở Việt Nam thành một đảng ?# Các tổ chức cộng sản ở Việt Nam được thống nhất bởi ai ?# Các nhóm cộng sản tại Việt Nam được thống nhất lúc nào ?# Các nhóm cộng sản tại Việt Nam được thống nhất bao giờ và bởi ai ?# Nguyễn Ái Quốc là người thống nhất các nhóm cộng sản Việt Nam thành một đảng ?# Các nhóm cộng sản tại Việt Nam được thống nhất ngày 6 tháng 1 năm 1930 có đúng không ?,"Các đại biểu khai hội bên sân đá banh của người Tàu. Vừa giả xem đá banh, vừa bàn bạc về Đảng. Sau cuộc bàn bạc sôi nổi, và sau lời giải thích rõ ràng của đồng chí Nguyễn Ái Quốc, mọi người đều tán thành thống nhất cả ba nhóm thành một đảng. Đó là ngày lịch sử mùng 6-1-1930.",3 nhóm cộng sản được thống nhất thành một đảng,"2,4,7",vào 6/1/1930#bởi Nguyễn Ái Quốc,V:thống_nhất,MISC:M:3+N:nhóm+N:cộng_sản+Np:Việt_Nam,3,HoChiMinhToanTap6,"9,12",
10,XovietNgheAn,Xôviết Nghệ An,Xôviết Nghệ An là cuộc cách mạng như thế nào ? Xôviết Nghệ An là cuộc cách mạng oanh liệt đầu tiên do giai cấp vô sản Việt Nam lãnh đạo có phải không ?# Xôviết Nghệ An diễn ra vào tháng bao nhiêu ?# Xôviết Nghệ An diễn ra từ năm 1930 đến năm 1931 phải không ?# Xôviết Nghệ An diễn ra ở đâu ?# Xôviết Nghệ An diễn ra ở Nghệ An và Hà Tĩnh đúng không ?,Xôviết Nghệ An (hay Xôviết Nghệ - Tĩnh) là một cuộc cách mạng oanh liệt đầu tiên do giai cấp vô sản Việt Nam lãnh đạo. Đỉnh cao của phong trào cách mạng 1930 - 1931. Xôviết Nghệ - Tĩnh là phong trào đấu tranh chống thực dân Pháp và tay sai của nhân dân ở hai tỉnh Nghệ An và Hà Tĩnh.,Xôviết Nghệ An diễn ra,"2,3,6,7",trong năm 1930-1931#ở Nghệ An và Hà Tĩnh#với vai trò là cuộc cách mạng oanh liệt đầu tiên do giai cấp vô sản Việt Nam lãnh đạo. Đỉnh cao của phong trào cách mạng 1930 - 1931.,V:diễn#V:ra,ORG:Xôviết_Nghệ_An,4,HoChiMinhToanTap6,7,ORG:Xôviết_Nghệ_An
11,XovietNgheAnLoiCuon,Lực lượng của Xôviết Nghệ An,Xôviết Nghệ An đã lôi cuốn được những thành phần nào tham gia ?# Những thành phần nào được lôi cuốn bởi Xôviết Nghệ An ?# Xôviết Nghệ An đã lôi cuốn được những người nào tham gia ?# Những người nào được lôi cuốn bởi Xôviết Nghệ An ?# Xôviết Nghệ An lôi cuốn công nhân nông dân và học sinh tham gia có đúng không ?,"Xôviết Nghệ An đã lôi cuốn được cả công nhân, nông dân và học sinh tham gia.",Xôviết Nghệ An lôi cuốn,"4,7","công nhân, nông dân và học sinh tham gia",V:lôi_cuốn,ORG:Xôviết_Nghệ_An,4,HoChiMinhToanTap6,13,
12,DoiDuKichDauTien,Đội du kích đầu tiên,Đội du kích đầu tiên của Việt Nam thành lập ở đâu ?# Đội du kích đầu tiên của Việt Nam gồm bao nhiêu người ?# Đội du kích đầu tiên của nước ta được thành lập ở đâu và gồm bao nhiêu người ?# Đội du kích đầu tiên của Việt Nam thành lập ở Cao Bằng có đúng không ?# Đội du kích đầu tiên của Việt Nam thành lập gồm 12 người phải không ?# Đội du kích đầu tiên của Việt Nam thành lập ở Cao Bằng và gồm 12 người đúng không ?,"Đội du kích đầu tiên của nước ta lập ở Cao Bằng, với 12 người, trong đó có hai nữ đồng chí. ",Đội du kích đầu tiên của nước ta thành lập,"3,6,7",ở Cao Bằng#gồm 12 người,V:thành_lập,ORG:đội_du_kích_đầu_tiên,4,HoChiMinhToanTap6,8,ORG:đội_du_kích_đầu_tiên
13,VuKhiCuaDoiDuKichDauTien,Quân trang đội du kích đầu tiên,Vũ khí của đội du kích đầu tiên gồm có những gì ?# Đội du kích đầu tiên được trang bị ra sao ?# Trang bị của đội du kích đầu tiên có gì ?# Trang bị của đội du kích đầu tiên là thế nào ?# Đội du kích đầu tiên chỉ có một khẩu pạc hoọc hai khẩu súng kíp và giáo mác phải không ?# Đội du kích đầu tiên được trang bị một khẩu pạc hoọc hai khẩu súng kíp và giáo mác phải không ?,"Vũ khí của đội du kích đầu tiên gồm một khẩu “pạc-hoọc”, hai khẩu súng kíp và giáo mác",Vũ khí của đội du kích đầu tiên gồm,"1,7","một khẩu “pạc-hoọc”, hai khẩu súng kíp và giáo mác",V:gồm,MISC:N:Vũ_khí+N:đội+N:du_kích+A:đầu_tiên,5,HoChiMinhToanTap6,"17,38",
14,CaiToThanhNamTien,Vấn đề cải tổ đội du kích đầu tiên,Người nào có nhiệm vụ cải tổ đội du kích đầu tiên của nước ta thành đội Nam tiến ?# Người nào được giao nhiệm vụ cải tổ đội du kích đầu tiên của nước ta thành đội Nam tiến ?# Nhiệm vụ cải tổ đội du kích đầu tiên của nước ta thành đội Nam tiến được giao cho người nào ?# Nhiệm vụ cải tổ đội du kích đầu tiên của nước ta thành đội Nam tiến giao cho Võ Nguyên Giáp phải không ?# Võ Nguyên Giáp được giao nhiệm vụ cải tổ đội du kích đầu tiên của nước ta thành đội Nam tiến đúng không?,Đảng giao cho đồng chí Võ Nguyên Giáp nhiệm vụ cải tổ đội du kích đầu tiên của nước ta thành đội Nam tiến.,Nhiệm vụ cải tổ đội du kích đầu tiên của nước ta thành đội Nam tiến giao cho,"4,7",Võ Nguyên Giáp,V:giao_cho,MISC:N:nhiệm_vụ+V:cải_tổ+N:đội+N:du_kích+A:đầu_tiên+Np:Việt_Nam,5,HoChiMinhToanTap6,"6,9,18,39,40",
15,BucThuDangTa,Bức thư Đảng ta,Bức thư Đảng ta do người nào viết ?# Bức thư Đảng ta được viết thời điểm nào ?# Bức thư Đảng do người nào viết và viết vào tháng mấy ?# Bức thư Đảng ta do ông Trần Thắng Lợi viết đúng không ?# Bức thư Đảng ta được viết năm 1949 phải không ?# Bức thư Đảng ta được viết năm 1949 và bởi ông Trần Thắng Lợi phải không ?,"Bức thư Đảng ta được ông Trần Thắng Lợi viết vào năm 1949, gửi tặng cho các đồng chí chi bộ.",Bức thư Đảng ta viết,"2,4,7",năm 1949#bởi Trần Thắng Lợi,V:viết,MISC:N:thư+Np:Đảng+P:ta,6,HoChiMinhToanTap6,"19,2,20",MISC: Đảng_ta
16,ChiNhanhChinhThuc,Đảng Cộng sản Việt Nam được công nhận,Đảng ta được Quốc tế Cộng sản nhận làm một chi nhánh chính thức vào tháng nào ?# Quốc tế Cộng sản nhận Đảng ta là một chi nhánh chính thức bao giờ ?# Quốc tế Cộng sản nhận Đảng Cộng sản Việt Nam là một chi nhánh chính thức vào tháng nào ?# Đảng Cộng sản Việt Nam được Quốc tế Cộng sản nhận làm một chi nhánh chính thức vào thời điểm nào ?# Đảng ta được Quốc tế Cộng sản nhận làm một chi nhánh chính thức năm 1935 phải không ?# Quốc tế Cộng sản nhận Đảng ta là một chi nhánh chính thức năm 1935 đúng không ?,"Năm 1935, Đảng ta được Quốc tế Cộng sản nhận làm một chi nhánh chính thức.",Đảng ta được Quốc tế Cộng sản nhận làm một chi nhánh chính thức,"2,7",năm 1935,empty#V:nhận+N:chi_nhánh+A:chính_thức,MISC:Np:Đảng+P:ta#ORG:Quốc_tế_Cộng_sản,9,HoChiMinhToanTap6,"20,21,41,42",ORG:Quốc_tế_Cộng_sản
17,BanKiemDiemCongViec,Bản Kiểm điểm công việc của Đảng,Bản Kiểm điểm công việc của Đảng được viết vào thời điểm nào ?# Bản Kiểm điểm công việc của Đảng do người nào viết ?# Bản Kiểm điểm công việc của Đảng được viết bao giờ và do người nào viết ?# Bản Kiểm điểm công việc của Đảng được viết vào tháng 1 năm 1949 đúng không ?# Bản Kiểm điểm công việc của Đảng do Hồ Chí Minh viết đúng không ?# Bản Kiểm điểm công việc của Đảng do Hồ Chí Minh viết và viết năm 1949 đúng không?,Bản Kiểm điểm công việc của Đảng viết vào đầu tháng 1-1949 bởi Hồ Chí Minh,Bản Kiểm điểm công việc của Đảng viết,"2,4,7",vào đầu tháng 1-1949#bởi Hồ Chí Minh,V:viết,MISC:Nc:bản+N:Kiểm_điểm+N:công_việc+Np:Đảng,14,HoChiMinhToanTap6,"2,43,53",MISC:Kiểm_điểm_công_việc_của_Đảng
18,NoiDungBanKiemDiemCongViec,Nội dung bản Kiểm điểm công việc của Đảng,Nội dung chính của bản Kiểm điểm công việc của Đảng ra sao ?# Bản Kiểm điểm công việc của Đảng nói về những vấn đề như nào ?# Bản Kiểm điểm công việc của Đảng đề cập đến điều gì ?#Nội dung chính Bản Kiểm điểm công việc của Đảng là sao ?# Nội dung chính Bản Kiểm điểm công việc của Đảng là như thế nào ?,"Nội dung chính của bản Kiểm điểm công việc của Đảng là: Nêu tình hình chung, kể ra những chiến cônng, những khuyết điểm cần khắc phục của Đảng ta qua các giao đoạn.",Nội dung chính bản Kiểm điểm công việc của Đảng,1,"là :nêu tình hình chung, kể ra những chiến cônng, những khuyết điểm cần khắc phục của Đảng ta qua các giao đoạn.",,MISC:N:nội_dung+N:Kiểm_điểm+N:công_việc+N:Đảng,7,HoChiMinhToanTap6,"43,44",
19,BaiNoiChuyenHoiNghiLan6,Bài nói chuyện trong buổi bế mạc Hội nghị Cán bộ của Đảng lần thứ sáu,Bài nói chuyện trong buổi bế mạc Hội nghị Cán bộ của Đảng lần thứ sáu được nói vào lúc nào ?# Bài nói chuyện trong buổi bế mạc Hội nghị Cán bộ của Đảng lần thứ sáu được nói bởi ai ?# Bài nói chuyện trong buổi bế mạc Hội nghị Cán bộ của Đảng lần thứ sáu được nói vào lúc nào và bởi ai ?# Bài nói chuyện trong buổi bế mạc Hội nghị Cán bộ của Đảng lần thứ sáu được nói vào ngày 18 tháng 1 năm 1949 phải không ?# Bài nói chuyện trong buổi bế mạc Hội nghị Cán bộ của Đảng lần thứ sáu được Hồ Chí Minh nói phải không ?,Bài nói chuyện trong buổi bế mạc Hội nghị Cán bộ của Đảng lần thứ sáu được nói vào ngày 18-1-1949 bởi Hồ Chí Minh,Bài nói chuyện trong buổi bế mạc Hội nghị Cán bộ của Đảng lần thứ sáu được nói,"2,4,7",vào 18-1-1949#bởi Hồ Chí Minh,V:nói,MISC:N:Bài+V:nói_chuyện+V:bế_mạc+N:Hội_nghị+N:Cán_bộ+N:Đảng+N:lần_thứ_sáu,17,HoChiMinhToanTap6,"3,45,46,47,48",MISC:Bài_nói_chuyện_trong_buổi_bế_mạc_Hội_nghị_Cán_bộ_của_Đảng_lần_thứ_sáu
20,NoiDungBaiNoiChuyenHoiNghiLan6,Nội dung Bài nói chuyện trong buổi bế mạc Hội nghị Cán bộ của Đảng lần thứ sáu,Nội dung chính trong Bài nói chuyện trong buổi bế mạc Hội nghị Cán bộ của Đảng lần thứ sáu là sao ?# Bài nói chuyện trong buổi bế mạc Hội nghị Cán bộ của Đảng lần thứ sáu đề cập đến vấn đề như nào ?# Bài nói chuyện trong buổi bế mạc Hội nghị Cán bộ của Đảng lần thứ sáu nói về điều gì ?# Nội dung chính trong Bài nói chuyện trong buổi bế mạc Hội nghị Cán bộ của Đảng lần thứ sáu là như thế nào ?# Nội dung chính Bài nói chuyện trong buổi bế mạc Hội nghị Cán bộ của Đảng lần thứ sáu là thế nào ?# Nội dung chính Bài nói chuyện trong buổi bế mạc Hội nghị Cán bộ của Đảng lần thứ sáu thì sao ?,"Nội dung chính của Bài nói chuyện trong buổi bế mạc Hội nghị Cán bộ của Đảng lần thứ sáu là: Nêu ra những việc cần làm của Đảng ta trong năm, chỉ ra những khó khăn, thiếu thốn mà ta đang gặp phải, nói lên những khuyết điểm trong lối làm việc trong Đảng lúc bấy giờ.",Nội dung chính Bài nói chuyện trong buổi bế mạc Hội nghị Cán bộ của Đảng lần thứ sáu,1,"là :Nêu ra những việc cần làm của Đảng ta trong năm, chỉ ra những khó khăn, thiếu thốn mà ta đang gặp phải, nói lên những khuyết điểm trong lối làm việc trong Đảng lúc bấy giờ.",,MISC:N:nội_dung+N:Bài+V:nói_chuyện+V:bế_mạc+N:Hội_nghị+N:Cán_bộ+N:Đảng+N:lần_thứ_sáu,15,HoChiMinhToanTap6,"44,45,46,47,48",
21,ThuGuiHongSinh,Thư gửi chiến sĩ du kích Hồng Sinh xã Ngũ Lão huyện Hoà An,Thư gửi chiến sĩ du kích Hồng Sinh xã Ngũ Lão huyện Hoà An do người nào viết ?# Thư gửi chiến sĩ du kích Hồng Sinh xã Ngũ Lão huyện Hoà An được viết vào lúc nào ?# Thư gửi chiến sĩ du kích Hồng Sinh xã Ngũ Lão huyện Hoà An do người nào viết và được viết vào ngày nào ?# Thư gửi chiến sĩ du kích Hồng Sinh xã Ngũ Lão huyện Hoà An viết vào tháng 1 năm 1949 đúng không ?# Thư gửi chiến sĩ du kích Hồng Sinh xã Ngũ Lão huyện Hoà An do Hồ Chí Minh viết đúng không ?,"Thư gửi chiến sĩ du kích Hồng Sinh, xã Ngũ Lão, huyện Hoà An do Hồ Chí Minh viết vào tháng 1-1949","Thư gửi chiến sĩ du kích Hồng Sinh, xã Ngũ Lão, huyện Hoà An viết","2,4",tháng 1-1949# bởi Hồ Chí Minh,V:viết,MISC:N:thư+V:gửi+N:chiến_sĩ+N:du_kích+Np:Hồng_Sinh,18,HoChiMinhToanTap6,"2,19,49,50","MISC(N:thư,V:gửi,N:chiến_sĩ,N:du_kích,N:Hồng_Sinh,N:xã,N:Ngũ_Lão,N:huyện,N:Hoà_An)"
22,NoiDungThuGuiHongSInh,Nội dung Thư gửi chiến sĩ du kích Hồng Sinh xã Ngũ Lão huyện Hoà An,Thư gửi chiến sĩ du kích Hồng Sinh xã Ngũ Lão huyện Hoà An có nội dung chính là sao ?# Thư gửi chiến sĩ du kích Hồng Sinh xã Ngũ Lão huyện Hoà An đề cập đến vấn đề như nào ?# Thư gửi chiến sĩ du kích Hồng Sinh xã Ngũ Lão huyện Hoà An nói về điều gì ?# Nội dung chính của Thư gửi chiến sĩ du kích Hồng Sinh xã Ngũ Lão huyện Hoà An là như thế nào ?# Nội dung chính của Thư gửi chiến sĩ du kích Hồng Sinh xã Ngũ Lão huyện Hoà An thì sao ?,"Nội dung chính của Thư gửi chiến sĩ du kích Hồng Sinh, xã Ngũ Lão, huyện Hoà An là: Bác tuyên dương chiến sĩ Hồng Sinh vì giết được 16 tên giặc, đồng thời bày tỏ mong muốn nam nữ du kích Cao Bằng noi theo tấm gương này.","Nội dung chính thư gửi chiến sĩ du kích Hồng Sinh, xã Ngũ Lão, huyện Hoà An",1,"là :Bác tuyên dương chiến sĩ Hồng Sinh vì giết được 16 tên giặc, đồng thời bày tỏ mong muốn nam nữ du kích Cao Bằng noi theo tấm gương này.",,MISC:N:nội_dung+N:thư+V:gửi+N:chiến_sĩ+N:du_kích+Np:Hồng_Sinh,18,HoChiMinhToanTap6,"44,19,49,50",
23,ThuGuiLeBinh,Thư gửi các cán bộ dân quân trường Lê Bình khoá 2,Thư gửi các cán bộ dân quân trường Lê Bình khoá 2 được viết vào năm bao nhiêu ?# Thư gửi các cán bộ dân quân trường Lê Bình khoá 2 do ai viết ?# Thư gửi các cán bộ dân quân trường Lê Bình khoá 2 do ai viết và viết vào năm bao nhiêu ?# Thư gửi các cán bộ dân quân trường Lê Bình khoá 2 được viết vào tháng 1 năm 1949 phải không ?# Thư gửi các cán bộ dân quân trường Lê Bình khoá 2 được viết bởi Hồ Chí Minh phải không ?,"Thư gửi các cán bộ, dân quân trường Lê Bình khoá 2 được Bác viết vào tháng 1-1949","Thư gửi các cán bộ, dân quân trường Lê Bình khoá 2 viết","2,4,7",tháng 1-1949#bởi Hồ Chí Minh,V:viết,MISC:N:Thư+V:gửi+N:cán_bộ+N:dân_quân+N:trường+Np:Lê_Bình,19,HoChiMinhToanTap6,"19,2,49,48,51",
24,NoiDungThuGuiLeBinh,Nội dung Thư gửi các cán bộ dân quân trường Lê Bình khoá 2,Thư gửi các cán bộ dân quân trường Lê Bình khoá 2 có nội dung chính ra sao ?# Thư gửi các cán bộ dân quân trường Lê Bình khoá 2 đề cập đến vấn đề như nào ?# Thư gửi các cán bộ dân quân trường Lê Bình khoá 2 nói về điều gì ?# Nội dung chính của Thư gửi các cán bộ dân quân trường Lê Bình khoá 2 là sao ?,"Nội dung chính của Thư gửi các cán bộ, dân quân trường Lê Bình khoá 2 là: Bác dặn dò các cán bộ, quân dân trường Lê Bình tổ chức, luyện tập, chuẩn bị tốt; khuyến khích mọi người nên thi đua với nhau, ai có công to nhất sẽ được Bác cho một giải thưởng đặc biệt.","Nội dung chính thư gửi các cán bộ, dân quân trường Lê Bình khoá 3",1,"là: Bác dặn dò các cán bộ, quân dân trường Lê Bình tổ chức, luyện tập, chuẩn bị tốt; khuyến khích mọi người nên thi đua với nhau, ai có công to nhất sẽ được Bác cho một giải thưởng đặc biệt.",,MISC:N:nội_dung+N:thư+V:gửi+N:cán_bộ+N:dân_quân+N:trường+Np:Lê_Bình,19,HoChiMinhToanTap6,"44,19,49,48,51",
25,ThuGuiHuyenYenDung,Thư gửi các điền chủ huyện Yên Dũng Bắc Giang,Thư gửi các điền chủ huyện Yên Dũng Bắc Giang được viết vào tháng nào ?# Thư gửi các điền chủ huyện Yên Dũng Bắc Giang do người nào viết ?# Thư gửi các điền chủ huyện Yên Dũng Bắc Giang do người nào viết và viết vào tháng mấy ?# Thư gửi các điền chủ huyện Yên Dũng Bắc Giang được viết vào tháng 1 năm 1949 phải không ?# Thư gửi các điền chủ huyện Yên Dũng Bắc Giang do Hồ Chí Minh viết phải không ?,"Thư gửi các điền chủ huyện Yên Dũng, Bắc Giang do Hồ Chí Minh viết vào tháng 1-1949","Thư gửi các điền chủ huyện Yên Dũng, Bắc Giang viết","2,4,7",tháng 1-1949#bởi Hồ Chí Minh,V:viết,MISC:N:thư+V:gửi+N:điền_chủ+Np:Yên_Dũng+Np:Bắc_Giang,20,HoChiMinhToanTap6,"2,19,49,52",
26,NoiDungThuGuiHuyenYenDung,Nội dung Thư gửi các điền chủ huyện Yên Dũng Bắc Giang,Nội dung chính của Thư gửi các điền chủ huyện Yên Dũng Bắc Giang là như thế nào ?# Thư gửi các điền chủ huyện Yên Dũng Bắc Giang đề cập đến vấn đề như nào ?# Thư gửi các điền chủ huyện Yên Dũng Bắc Giang nói đến điều như nào ? ,"Thư gửi các điền chủ huyện Yên Dũng, Bắc Giang có nội dung chính là: Bác bày tỏ sự vui mừng khi biết đồng bào chủ điền huyện Yên Dũng, Bắc Giang đã hết sức giúp đỡ các tá điền. Đồng thời Bác bày tỏ mong muốn các điền chủ hăng hái Thi đua ái quốc.","Nội dung chính thư gửi các điền chủ huyện Yên Dũng, Bắc Giang",1,"là: Bác bày tỏ sự vui mừng khi biết đồng bào chủ điền huyện Yên Dũng, Bắc Giang đã hết sức giúp đỡ các tá điền. Đồng thời Bác bày tỏ mong muốn các điền chủ hăng hái Thi đua ái quốc",,MISC:N:nội_dung+N:thư+V:gửi+N:điền_chủ+Np:Yên_Dũng+Np:Bắc_Giang,20,HoChiMinhToanTap6,"19,44,49,52",
27,YKienBaoCao1948,Bản Ý kiến về báo cáo năm 1948,Bản Ý kiến về báo cáo năm 1948 của các bộ được viết ngày nào ?# Bản Ý kiến về báo cáo năm 1948 của các bộ được viết bởi người nào ?# Bản Ý kiến về báo cáo năm 1948 của các bộ được viết ngày nào và bởi người nào ?# Bản Ý kiến về báo cáo năm 1948 của các bộ được viết vào tháng 1 năm 1949 phải không ?# Bản Ý kiến về báo cáo năm 1948 của các bộ được viết bởi Hồ Chí Minh phải không ?,Bản Ý kiến về báo cáo năm 1948 của các bộ do Hồ Chí Minh viết vào tháng 1-1949,Bản Ý kiến về báo cáo năm 1948 của các bộ viết,"2,4,7",tháng 1-1949#bởi Hồ Chí Minh,V:viết,MISC:Nc:bản+N:Ý_kiến+V:báo_cáo+M:1948,22,HoChiMinhToanTap6,"2,53,54",MISC(N:Ý_kiến+V:về+V:báo_cáo+N:năm+M:1948+E:của+L:các+N:bộ)
28,NoiDungYKienBaoCao1948,Nội dung Bản Ý kiến về báo cáo năm 1949,Nội dung chính của bản Ý kiến về báo cáo năm 1948 của các bộ là thế nào ?# bản Ý kiến về báo cáo năm 1948 đề cập đến vấn đề như nào ?# bản Ý kiến về báo cáo năm 1948 nói về điều như nào ?# Bản Ý kiến về báo cáo năm 1948 có nội dung chính ra sao ?,"Nội dung chính của bản Ý kiến về báo cáo năm 1948 của các bộ là: Hồ Chí Minh phản hồi lại báo cáo của các bộ. Cụ thể Bác chỉ ra những thiếu sót, những khuyết điểm của các bộ.",Nội dung chính bản Ý kiến về báo cáo năm 1948 của các bộ,1,"là: Hồ Chí Minh phản hồi lại báo cáo của các bộ. Cụ thể Bác chỉ ra những thiếu sót, những khuyết điểm của các bộ.",,MISC:N:nội_dung+N:Ý_kiến+V:báo_cáo+M:1948,21,HoChiMinhToanTap6,"44,54",
29,ThoChucTet,Thơ chúc tết,Thơ chúc tết được viết ngày bao nhiêu ?# Thơ chúc tết được viết bởi ai ?# Thơ chúc tết được viết vào ngày bao nhiêu và bởi ai ?# Thơ chúc tết được viết năm 1949 phải không ?# Thơ chúc tết được viết bởi Hồ Chí Minh phải không ?,Thơ chúc tết được Bác viết vào xuân Kỷ Sửu-1949,Thơ chúc tết viết,"2,4",vào xuân Kỷ Sửu#bởi Hồ Chí Minh,,MISC:N:Thơ+V:chúc+N:tết,23,HoChiMinhToanTap6,"2,37","MISC(N:Thơ,V:chúc,N:tết)"
30,NoiDungThoChucTet,Nội dung Thơ chúc tết,Nội dung chính của Thơ chúc tết thì sao ?# Thơ chúc Tết đề cập đến vấn đề như nào ?# Thơ chúc Tết nói về điều như nào ?# Thơ chúc Tết có nội dung chính ra sao ?# Nội dung chính của Thơ chúc tết viết về điều gì ?# Bác viết cái gì vào Thơ chúc tết ?,"Nội dung chính của Thơ chúc tết là: Bác động viên tinh thần các lực lượng, mọi người, mọi ngành ngày ngày thi đua để kháng chiến thêm mau thắng lợi.",Nội dung chính thơ chúc tết,1,"là: Bác động viên tinh thần các lực lượng, mọi người, mọi ngành ngày ngày thi đua để kháng chiến thêm mau thắng lợi.",,MISC:N:nội_dung+N:thơ+V:chúc+N:tết,23,HoChiMinhToanTap6,"44,37",
31,KetQuaHopHoiDongChinhPhu,Kết quả cuộc họp Hội đồng Chính phủ,Kết quả cuộc họp Hội đồng Chính phủ là như thế nào ?# Cuộc họp Hội đồng Chính phủ có kết quả là gì ?# Cuộc họp Hội đồng Chính phủ có kết quả cuộc họp như thế nào ?# Cuộc họp Hội đồng Chính phủ đi đến đến điều gì ?# Cuộc họp Hội đồng Chính phủ đã diễn ra như thế nào ?,Kết quả cuộc họp Hội đồng Chính phủ là: Chính phủ đã kiểm điểm kỹ càng những thành công và những khuyết điểm trong năm vừa qua. Và đã chuẩn y những chương trình cùng kế hoạch của các bộ trong năm 1949. ,Kết quả cuộc họp Hội đồng Chính phủ,1,là: Chính phủ đã kiểm điểm kỹ càng những thành công và những khuyết điểm trong năm vừa qua. Và đã chuẩn y những chương trình cùng kế hoạch của các bộ trong năm 1949.,,MISC:N:kết_quả+V:họp+Np:Hội_đồng_Chính_phủ,24,HoChiMinhToanTap6,"23,24",ORG:Hội_đồng_Chính_phủ
32,ThaiDoVoiVinhThuy,Thái độ với Vĩnh Thụy,Thái độ ta đối với Vĩnh Thụy là như thế nào ?# Thái độ ta với Vĩnh Thụy là gì ?# Đối với Vĩnh Thụy thì thái độ của ta như thế nào ?# Đối với ông Vĩnh Thụy ta biểu hiện thái độ ra sao ?# Với ông Vĩnh Thụy ta có thái độ đối xử như thế nào ?,"Thái độ ta đối với Vĩnh Thụy là: Ông Vĩnh Thụy đã trịnh trọng thề trung thành với Tổ quốc, với nhân dân và Chính phủ. Nếu ông ấy cam tâm buôn dân bán nước, thì ông ấy sẽ bị tội phản quốc như những kẻ phản quốc khác.",Thái độ ta đối với Vĩnh Thụy,1,"là: Ông Vĩnh Thụy đã trịnh trọng thề trung thành với Tổ quốc, với nhân dân và Chính phủ. Nếu ông ấy cam tâm buôn dân bán nước, thì ông ấy sẽ bị tội phản quốc như những kẻ phản quốc khác.",,MISC:N:thái_độ+P:ta+Np:Vĩnh_Thụy,25,HoChiMinhToanTap6,"25,20",
33,TinDonMaoHo,Tin đồn hiệp ước Mao Hồ,Thực hư về tin đồn hiệp ước giữa Mao Hồ là thế nào ?# Tin đồn hiệp ước Mao Hồ là sao ?# Sự thật về bí mật giữa Mao Trạch Đông và Bác Hồ có hiệp ước là thế nào ?# Giữa Mao Trạch Đông và Bác Hồ có hiệp ước bí mật gì ?# Bí mật về hiệp ước giữa Mao và Bác có tin đồn ra sao ?# Mao và Bác có tin đồn gì về hiệp ước bí mật giữa hai người ?,"Thực dân Pháp chẳng những phao tin, mà lại đăng hẳn hoi lên báo một bản hiệp ước bí mật giữa Mao Trạch Đông và Hồ Chí Minh. Điều sau cùng của bản hiệp ước ấy là người Trung Quốc và người Việt Nam có thể lấy nhau làm vợ chồng được! Việc này tỏ rằng: 
- Bọn thực dân rất hoang mang, sợ bóng, sợ gió. 
- Chúng có bệnh nói láo “vô trung sinh hữu”. 
- Chúng khinh dân Pháp và người thế giới, tưởng nói dại, nói dột thì họ cũng nghe. 
- Chúng muốn dùng tài liệu giả dối ấy để cầu cứu với nước khác, vì chúng tự thấy thất bại đã đến nơi rồi. 
Tục ngữ ta có câu: Chó dại cắn quàng, là thế. ",Thực hư tin đồn về Hiệp ước giữa Mao - Hồ,1,"thì: Thực dân Pháp chẳng những phao tin, mà lại đăng hẳn hoi lên báo một bản hiệp ước bí mật giữa Mao Trạch Đông và Hồ Chí Minh. Điều sau cùng của bản hiệp ước ấy là người Trung Quốc và người Việt Nam có thể lấy nhau làm vợ chồng được! Việc này tỏ rằng: 
- Bọn thực dân rất hoang mang, sợ bóng, sợ gió. 
- Chúng có bệnh nói láo “vô trung sinh hữu”. 
- Chúng khinh dân Pháp và người thế giới, tưởng nói dại, nói dột thì họ cũng nghe. 
- Chúng muốn dùng tài liệu giả dối ấy để cầu cứu với nước khác, vì chúng tự thấy thất bại đã đến nơi rồi. 
Tục ngữ ta có câu: Chó dại cắn quàng, là thế. ",,MISC:N:tin_đồn+N:hiệp_ước+Np:Mao+Np:Hồ,25,HoChiMinhToanTap6,"28,33",
34,ThuChuTetVungTamChien,Thư chúc Tết đồng bào trong vùng tạm bị địch chiếm,Thư chúc Tết đồng bào trong vùng tạm bị địch chiếm được viết vào tháng mấy ?# Thư chúc Tết đồng bào trong vùng tạm bị địch chiếm do ai viết ?# Thư chúc Tết đồng bào trong vùng tạm bị địch chiếm được viết vào tháng bao nhiêu và do ai viết ?# Thư chúc Tết đồng bào trong vùng tạm bị địch chiếm do Hồ Chí Minh viết phải không ?# Thư chúc Tết đồng bào trong vùng tạm bị địch chiếm viết vào ngày 2 tháng 2 năm 1949 phải không ?,Thư chúc Tết đồng bào trong vùng tạm bị địch chiếm được Bác Hồ viết ngày 2-2-1949.,Thư chúc Tết đồng bào trong vùng tạm bị địch chiếm viết,"2,4,7",ngày 2-2-1949#bởi Hồ Chí Minh,V:viết,MISC:N:Thư+V:chúc+N:Tết+N:đồng_bào+N:vùng+N:địch+V:chiếm,28,HoChiMinhToanTap6,"2,19,37","MISC(N:Thư,V:chúc,N:Tết,N:đồng_bào,E:trong,N:vùng,A:tạm,V:bị,N:địch,V:chiếm)"
35,NoiDungThuChucTetVungTamChien,Nội dung Thư chúc Tết đồng bào trong vùng tạm bị địch chiếm,Nội dung chính của Thư chúc Tết đồng bào trong vùng tạm bị địch chiếm là thế nào ?# Thư chúc Tết đồng bào trong vùng tạm bị địch chiếm đề cập đến vấn đề như nào ?# Thư chúc Tết đồng bào trong vùng tạm bị địch chiếm nói về điều như nào ?# Thư chúc Tết đồng bào trong vùng tạm bị địch chiếm có nội dung chính ra sao ?# Thư chúc Tết đồng bào trong vùng tạm bị địch chiếm có nội dung chính là như thế nào ?,"Thư chúc Tết đồng bào trong vùng tạm bị địch chiếm có nội dung chính là: Bác gửi lời chúc năm mới tới các đồng bào trong vùng tạm bị địch chiếm, bày tỏ lòng ngậm ngùi với các đồng bào dưới gót sắt lũ quỷ thực dân tàn bạo. Đồng thời Bác trịnh trọng hứa với đồng bào rằng: Chính phủ và quân đội ta kiên quyết kháng chiến đến cùng, để tranh lại thống nhất và độc lập cho Tổ quốc, để mau mau giải phóng đồng bào ra khỏi cảnh lầm than.",Nội dung chính Thư chúc Tết đồng bào trong vùng tạm bị địch chiếm,1,"là: Bác gửi lời chúc năm mới tới các đồng bào trong vùng tạm bị địch chiếm, bày tỏ lòng ngậm ngùi với các đồng bào dưới gót sắt lũ quỷ thực dân tàn bạo. Đồng thời Bác trịnh trọng hứa với đồng bào rằng: Chính phủ và quân đội ta kiên quyết kháng chiến đến cùng, để tranh lại thống nhất và độc lập cho Tổ quốc, để mau mau giải phóng đồng bào ra khỏi cảnh lầm than.",,MISC:N:nội_dung+N:Thư+V:chúc+N:Tết+N:đồng_bào+N:vùng+N:địch+V:chiếm,27,HoChiMinhToanTap6,"19,44,37",
36,ThuChucTetNhiDong,Thư chúc Tết các cháu nhi đồng toàn quốc,Thư chúc Tết các cháu nhi đồng toàn quốc do ai viết ?# Thư chúc Tết các cháu nhi đồng toàn quốc viết vào tháng mấy ?# Thư chúc Tết các cháu nhi đồng toàn quốc được viết bởi ai vào tháng bao nhiêu ?# Thư chúc Tết các cháu nhi đồng toàn quốc do Hồ Chí Minh viết phải không ?# Thư chúc Tết các cháu nhi đồng toàn quốc viết ngày 2 tháng 2 năm 1949 phải không ?,Thư chúc Tết các cháu nhi đồng toàn quốc do Bác Hồ viết ngày 2-2-1949,Thư chúc Tết các cháu nhi đồng toàn quốc viết,"2,4,7",ngày 2-2-1949#bởi Bác Hồ,V:viết,MISC:N:Thư+V:chúc+N:Tết+N:nhi_đồng,30,HoChiMinhToanTap6,"2,19,31,37","MISC(N:Thư,V:chúc,N:Tết,L:các,N:cháu,N:nhi_đồng,N:toàn_quốc)"
37,NoiDungThuChucTetNhiDong,Nội dung Thư chúc Tết các cháu nhi đồng toàn quốc,Nội dung chính của Thư chúc Tết các cháu nhi đồng toàn quốc thì sao ?# Thư chúc Tết các cháu nhi đồng toàn quốc đề cập đến vấn đề như nào ?# Thư chúc Tết các cháu nhi đồng toàn quốc nói về điều gì ?# Thư chúc Tết các cháu nhi đồng toàn quốc được viết có nội dung gì ?# Nội dung chính của Thư chúc Tết các cháu nhi đồng toàn quốc là sao ?,Thư chúc Tết các cháu nhi đồng toàn quốc có nội dung chính là: Bác bày tỏ lòng thương đối với các cháu thiếu nhi khi phải lớn lên trong chiến tranh. Bác cũng thể hiện sự tự hào về sự oanh liệt của các cháu thiếu nhi Việt Nam. Đồng thời Bác động viên tinh thần các cháu dù Tết có thiếu thốn nhưng vẫn vui vì kháng gần thắng lợi rồi.,Nội dung chính Thư chúc Tết các cháu nhi đồng toàn quốc,1,là: Bác bày tỏ lòng thương đối với các cháu thiếu nhi khi phải lớn lên trong chiến tranh. Bác cũng thể hiện sự tự hào về sự oanh liệt của các cháu thiếu nhi Việt Nam. Đồng thời Bác động viên tinh thần các cháu dù Tết có thiếu thốn nhưng vẫn vui vì kháng gần thắng lợi rồi.,,MISC:N:nội_dung+N:Thư+V:chúc+N:Tết+N:nhi_đồng,29,HoChiMinhToanTap6,"19,31,44,37",
38,ReuterPhongVan,Hãng thông tấn Anh Reuter phỏng vấn,Hãng thông tấn Anh Reuter gửi điện phỏng vấn Hồ Chí Minh vào tháng nào ?# Hãng thông tấn Anh Reuter gửi điện phỏng vấn Hồ Chí Minh vào ngày 2 tháng 2 năm 1949 phải không ?,"Ngày 2-2-1949, phóng viên hãng thông tấn Anh Roitơ (Reuter) từ Pari đã gửi điện phỏng vấn Chủ tịch Hồ Chí Minh.",Hãng thông tấn Anh Reuter gửi điện phỏng vấn,"2,7",ngày 2-2-1949,V:gửi+N:điện+V:phỏng_vấn#empty,MISC:N:hãng+V:thông_tấn+Np:Reuter#PER:Hồ_Chí_Minh,31,HoChiMinhToanTap6,32,LOC:Anh#PER:Hồ_Chí_Minh
39,ThuGuiLaoQuanNamDan,Thư gửi Đội lão quân huyện Nam Đàn,Thư gửi Đội lão quân huyện Nam Đàn được viết năm nào ?# Thư gửi Đội lão quân huyện Nam Đàn do ai viết ?#  Thư gửi Đội lão quân huyện Nam Đàn do ai viết và viết năm bao nhiêu ?# Thư gửi Đội lão quân huyện Nam Đàn được viết ngày 17 tháng 2 năm 1949 phải không ?# Thư gửi Đội lão quân huyện Nam Đàn được viết bởi Hồ Chí Minh thật không ?,Thư gửi Đội lão quân huyện Nam Đàn do Hồ Chí Minh viết vào ngày 17-2-1949 .,Thư gửi Đội lão quân huyện Nam Đàn viết,"2,4,7",ngày 17-2-194#bởi Hồ Chí Minh,V:viết,MISC:N:Thư+V:gửi+N:Đội+N:lão+N:quân+Np:Nam_Đàn,33,HoChiMinhToanTap6,"2,19,49,9",
40,NoiDungThuGuiLaoQuanNamDan,Nội dung Thư gửi Đội lão quân huyện Nam Đàn,Nội dung chính của Thư gửi Đội lão quân huyện Nam Đàn là thế nào ?# Thư gửi Đội lão quân huyện Nam Đàn đề cập đến vấn đề như nào ?# Thư gửi Đội lão quân huyện Nam Đàn nói về điều như nào ?# Thư gửi Đội lão quân huyện Nam Đàn được viết nhằm mục đích ra sao ?# Thư gửi Đội lão quân huyện Nam Đàn gồm có những nội dung chính là như thế nào ?,"Thư gửi Đội lão quân huyện Nam Đàn có nội dung chính là: Bác gửi lời chúc mừng Đội lão quân Nam Đàn đã thành lập. Cùng với đó bác gợi ý cho Đội cần phải tổ chức đường hoàng và công tác thiết thực nhằm vào 3 điểm chính: Quân sự, Kinh tế, Văn Hoá. Cuối cùng, Bác nhấn mạnh mục tiêu của đội là làm cho phong trào Thi đua ái quốc sôi nổi và chúc Đội thành công.",Nội dung chính Thư gửi Đội lão quân huyện Nam Đàn,1,"là: Bác gửi lời chúc mừng Đội lão quân Nam Đàn đã thành lập. Cùng với đó bác gợi ý cho Đội cần phải tổ chức đường hoàng và công tác thiết thực nhằm vào 3 điểm chính: Quân sự, Kinh tế, Văn Hoá. Cuối cùng, Bác nhấn mạnh mục tiêu của đội là làm cho phong trào Thi đua ái quốc sôi nổi và chúc Đội thành công.",,MISC:N:nội_dung+N:Thư+V:gửi+N:Đội+N:lão+N:quân+Np:Nam_Đàn,33,HoChiMinhToanTap6,"19,49,9,44",
41,ThuGuiTruongYTaLienKhu1,Thư gửi nam nữ học viên Trường Y tá Liên khu 1,Thư gửi nam nữ học viên Trường Y tá Liên khu 1 được viết vào thời gian nào ?# Thư gửi nam nữ học viên Trường Y tá Liên khu 1 do ai viết ?# Thư gửi nam nữ học viên Trường Y tá Liên khu 1 do ai viết và viết khi nào ?# Nào có phải Thư gửi nam nữ học viên Trường Y tá Liên khu 1 do Hồ Chí Minh viết ?# Thư gửi nam nữ học viên Trường Y tá Liên khu 1 viết vào tháng 2 năm 1949 thật không ?,Thư gửi nam nữ học viên Trường Y tá Liên khu 1 được Hồ Chí Minh viết vào tháng 2-1949.,Thư gửi nam nữ học viên Trường Y tá Liên khu 1 viết,"2,4,7",tháng 2-1949#bởi Hồ Chí Minh,V:viết,MISC:N:Thư+V:gửi+N:học_viên+Np:Trường_Y_tá_Liên_khu_1,34,HoChiMinhToanTap6,"2,19,49",
42,NoiDungThuGuiTruongYTaLienKhuI,Nội dung Thư gửi nam nữ học viên Trường Y tá Liên khu 1,Nội dung chính của Thư gửi nam nữ học viên Trường Y tá Liên khu 1 thì sao ?# Thư gửi nam nữ học viên Trường Y tá Liên khu 1 đề cập đến vấn đề như nào ?# Thư gửi nam nữ học viên Trường Y tá Liên khu 1 nói về điều như nào ? Thư gửi nam nữ học viên Trường Y tá Liên khu 1 được viết nhằm mục đích ra sao ?# Thư gửi nam nữ học viên Trường Y tá Liên khu 1 gồm có những nội dung chính là thế nào ?,"Thư gửi nam nữ học viên Trường Y tá Liên khu I có nội dung chính là: Bác khẳng định vai trò quan trọng cuả người Y tá, nêu ra những đức tính của người Y tá cần phải có. Đồng thời, bày tỏ mong muốn các chiến sĩ y tá phải xung phong học hành và ngày càng tiến bộ.",Nội dung chính Thư gửi nam nữ học viên Trường Y tá Liên khu 1,1,"là: Bác khẳng định vai trò quan trọng cuả người Y tá, nêu ra những đức tính của người Y tá cần phải có. Đồng thời, bày tỏ mong muốn các chiến sĩ y tá phải xung phong học hành và ngày càng tiến bộ.",,MISC:N:nội_dung+N:thư+V:gửi+N:học_viên+Np:Trường_Y_tá_Liên_khu_1,34,HoChiMinhToanTap6,"19,44,49",
43,ThuGuiHoDucThanh,Thư gửi ông Hồ Đức Thành,Thư gửi ông Hồ Đức Thành được viết vào thời gian nào ?# Thư gửi ông Hồ Đức Thành do ai viết ?# Thư gửi ông Hồ Đức Thành được viết bởi ai và vào thời gian nào ?# Nào có phải thư gửi ông Hồ Đức Thành do Hồ Chí Minh viết ?# Thư gửi ông Hồ Đức Thành viết tháng 2 năm 1949 thật không ?,Thư gửi ông Hồ Đức Thành viết vào tháng 2-1949 bởi Hồ Chí Minh.,Thư gửi ông Hồ Đức Thành viết,"2,4,7",tháng 2-1949#bởi Hồ Chí Minh,V:viết,MISC:N:thư+V:gửi+Np:Hồ_Đức_Thành,37,HoChiMinhToanTap6,"2,19,49",
44,NoiDungThuGuiHoDucThanh,Nội dung Thư gửi ông Hồ Đức Thành,Nội dung chính của Thư gửi ông Hồ Đức Thành là sao ?# Thư gửi ông Hồ Đức Thành đề cập đến vấn đề như nào ?# Thư gửi ông Hồ Đức Thành nói về điều gì ?# Thư gửi ông Hồ Đức Thành được viết với nội dung ra sao ?# Thư gửi ông Hồ Đức Thành gồm có những nội dung chính là như thế nào ?,"Nội dung chính của Thư gửi ông Hồ Đức Thành là: Bác động viên ông Thành chớ nên “vạn phần tàm quý, cứ yên tâm làm việc vì chiến đấu trên mặt trận giáo dục cũng là quan trọng. Đồng thời Bác tán dương ông Thành khi đã viết xong cuốn “Trung Hoa sử lược” và chúc ông sức khoẻ.",Nội dung chính Thư gửi ông Hồ Đức Thành,1,"là: Bác động viên ông Thành chớ nên “vạn phần tàm quý, cứ yên tâm làm việc vì chiến đấu trên mặt trận giáo dục cũng là quan trọng. Đồng thời Bác tán dương ông Thành khi đã viết xong cuốn “Trung Hoa sử lược” và chúc ông sức khoẻ.",,MISC:N:nội_dung+N:thư+V:gửi+Np:Hồ_Đức_Thành,37,HoChiMinhToanTap6,"19,44,49",
45,ThuGuiToSoiTrungUong,Thư gửi ngành tơ sợi Trung ương Bộ kinh tế,Thư gửi ngành tơ sợi Trung ương Bộ kinh tế được viết vào thời gian nào ?# Thư gửi ngành tơ sợi Trung ương Bộ kinh tế do ai viết ?# Thư gửi ngành tơ sợi Trung ương Bộ kinh tế do ai viết và viết khi nào ?# Có phải thư gửi ngành tơ sợi Trung ương Bộ kinh tế do Hồ Chí Minh viết ?# Thư gửi ngành tơ sợi Trung ương Bộ kinh tế được viết vào ngày 3 tháng 3 năm 1949 thật không ?,"Thư gửi ngành tơ sợi Trung ương, Bộ kinh tế được Hồ Chí Minh viết vào ngày 3-3-1949.","Thư gửi ngành tơ sợi Trung ương, Bộ kinh tế biết","2,4,7",ngày 3-3-1949#bởi Hồ Chí Minh,V:viết,MISC:N:thư+V:gửi+N:ngành+N:tơ_sợi+Np:Trung_ương+Np:Bộ_kinh_tế,38,HoChiMinhToanTap6,"2,19,49",
46,NoiDungThuGuiToSoiTrungUong,Nội dung Thư gửi ngành tơ sợi Trung ương Bộ kinh tế,Nội dung chính của Thư gửi ngành tơ sợi Trung ương Bộ kinh tế thì sao ?# Thư gửi ngành tơ sợi Trung ương Bộ kinh tế đề cập đến vấn đề gì ?# Thư gửi ngành tơ sợi Trung ương Bộ kinh tế nói về vấn đề gì ?# Thư gửi ngành tơ sợi Trung ương Bộ kinh tế được viết nhằm mục đích là sao ?# Thư gửi ngành tơ sợi Trung ương Bộ kinh tế gồm có những nội dung chính là thế nào ?,"Nội dung chính của Thư gửi ngành tơ sợi Trung ương, Bộ kinh tế là: Bác cảm ơn Bộ khi đã tặng Bác bộ áo dứa. Đồng thời Bác bày tỏ sự mong muốn mọi người trong Bộ xung phong Thi đua ái quốc, làm cho ngành tơ sợi phát triển cho mau, cho tốt, cho nhiều để giải quyết vấn đề mặc cho đồng bào.","Nội dung chính Thư gửi ngành tơ sợi Trung ương, Bộ kinh tế",1,"là: Bác cảm ơn Bộ khi đã tặng Bác bộ áo dứa. Đồng thời Bác bày tỏ sự mong muốn mọi người trong Bộ xung phong Thi đua ái quốc, làm cho ngành tơ sợi phát triển cho mau, cho tốt, cho nhiều để giải quyết vấn đề mặc cho đồng bào.",,MISC:N:nội_dung+N:thư+V:gửi+N:ngành+N:tơ_sợi+Np:Trung_ương+Np:Bộ_kinh_tế,38,HoChiMinhToanTap6,"19,44,49",
47,TraLoiHaroldIssacs,trả lời nhà báo Mỹ Harold Issacs,Hồ Chí Minh trả lời nhà báo Mỹ Harold Issacs vào thời điểm nào ?# Hồ Chí Minh trả lời nhà báo Mỹ Harold Issacs vào tháng 3 năm 1949 thật không ?# Khi nào Hồ Chí Minh trả lời nhà báo Mỹ Harold Issacs ?# Nhà báo Mỹ Harold Issacs được Hồ Chí Minh trả lời phỏng vấn năm nào ?,Hồ Chí Minh trả lời nhà báo Mỹ Harold Issacs vào tháng 3-1949,Hồ Chí Minh trả lời nhà báo Mỹ Harold Issacs,"2,7",vào tháng 3-1949,empty#V:trả_lời,MISC:N:nhà báo+LOC:Mỹ+Np:Harold_Issacs#PER:Hồ_Chí_Minh,41,HoChiMinhToanTap6,,
48,ThuGuiChienSiDuongSo5,Thư gửi các chiến sĩ đường số 5,Thư gửi các chiến sĩ đường số 5 được viết khi nào ?# Thư gửi các chiến sĩ đường số 5 do ai viết ?# Thư gửi các chiến sĩ đường số 5 do ai viết và viết khi nào ?# Có phải thư gửi các chiến sĩ đường số 5 do Hồ Chí Minh viết ?# Thư gửi các chiến sĩ đường số 5 được viết vào tháng 3 năm 1949 thật không ?,Thư gửi các chiến sĩ đường số 5 do Hồ Chí Minh viết vào tháng 3-1949.,Thư gửi các chiến sĩ đường số 5 viết,"2,4,7",tháng 3-1949#bởi Hồ Chí Minh,V:viết,MISC:N:thư+V:gửi+N:chiến_sĩ+N:đường+M:5,42,HoChiMinhToanTap6,"2,19,49,50",
49,NoiDungThuGuiChienSiDuongSo5,Nội dung Thư gửi các chiến sĩ đường số 5,Nội dung chính của Thư gửi các chiến sĩ đường số 5 là sao ?# Thư gửi các chiến sĩ đường số 5 đề cập đên vấn đề gì ?# Thư gửi các chiến sĩ đường số 5 nói về điều gì ?# Thư gửi các chiến sĩ đường số 5 được viết nhằm mục đích là như thế nào ?# Thư gửi các chiến sĩ đường số 5 gồm có những nội dung chính là thế nào ?,"Thư gửi các chiến sĩ đường số 5 có nội dung chính là: Bác khen nam nữ dân quân du kích đường số 5 năm ngoái đánh giặc khá, đồng thời động viên mọi người sang năm cố gắng hơn nữa để làm mẫu cho dân quân du kích khác.",Nội dung chính Thư gửi các chiến sĩ đường số 5,1,"là: Bác khen nam nữ dân quân du kích đường số 5 năm ngoái đánh giặc khá, đồng thời động viên mọi người sang năm cố gắng hơn nữa để làm mẫu cho dân quân du kích khác.",,MISC:N:nội_dung+N:thư+V:gửi+N:chiến_sĩ+N:đường+M:5,42,HoChiMinhToanTap6,"19,44,49,50",
50,TraloiWalterBriggs,Trả lời phỏng vấn của ông Walter Briggs,Hồ Chí Minh trả lời điện phỏng vấn của ông Walter Briggs vào thời gian nào ?# Khi nào Hồ Chí Minh trả lời điện phỏng vấn của ông Walter Briggs ?# Hồ Chí Minh trả lời điện phỏng vấn của ông Walter Briggs vào tháng 3 năm 1949 thật không ?# Điện phỏng vấn mà Hồ Chí Minh trả lời ông Walter Briggs vào tháng bao nhiêu ? ,Hồ Chí Minh trả lời điện phỏng vấn của ông Walter Briggs vào đầu tháng 3-1949,Hồ Chí Minh trả lời điện phỏng vấn của ông Walter Briggs,"2,7",vào tháng 3-1949,empty#V:trả_lời,MISC:N:điện+V:phỏng_vấn+Np:Walter_Briggs#PER:Hồ_Chí_Minh,44,HoChiMinhToanTap6,,
51,TraLoiStandleyHarrison,Trả lời phỏng vấn của nhà báo Standley Harrison,Hồ Chí Minh trả lời phỏng vấn của nhà báo Standley Harrison vào thời gian nào ?# Hồ Chí Minh trả lời phỏng vấn của nhà báo Standley Harrison vào tháng 3 năm 1949 thật không?# Khi nào Hồ Chí Minh trả lời phỏng vấn của nhà báo Standley Harrison ?# Phỏng vấn của nhà báo Standley Harrison được Bác trả lời năm nào ?,Hồ Chí Minh trả lời phỏng vấn của nhà báo Standley Harrison vào tháng 3-1949.,Hồ Chí Minh trả lời phỏng vấn của nhà báo Standley Harrison,"2,7",vào tháng 3-1949,empty#V:trả_lời,MISC:V:phỏng_vấn+N:nhà_báo+Np:Standley_Harrison#PER:Hồ_Chí_Minh,45,HoChiMinhToanTap6,,
52,ThuGuiLienDoanLaoDong1,Thư gửi Liên đoàn Lao động Liên khu 1,Thư gửi Liên đoàn Lao động Liên khu 1 được viết khi nào ?# Thư gửi Liên đoàn Lao động Liên khu 1 do ai viết ?# Thư gửi Liên đoàn Lao động Liên khu 1 do ai viết và được viết khi nào ?# Nào có phải thư gửi Liên đoàn Lao động Liên khu 1 do Hồ Chí Minh viết ?# Thư gửi Liên đoàn Lao động Liên khu 1 viết vào tháng 3 năm 1949 thật không?,Thư gửi Liên đoàn Lao động Liên khu 1 do Hồ Chí Minh viết vào tháng 3-1949 .,Thư gửi Liên đoàn Lao động Liên khu 1 viết,"2,4,7",tháng 3-1949#bởi Hồ Chí Minh,V:viết,MISC:N:thư+V:gửi+Np:Liên_đoàn_Lao_động_Liên_khu_1 ,47,HoChiMinhToanTap6,"2,19,49",
53,NoiDungThuChucMungNamMoi,Nội dung Thư chúc mừng năm mới,Nội dung chính của Thư chúc mừng năm mới là gì ?# Thư chúc mừng năm mới nói về điều gì ?# Thư chúc mừng năm mới đề cập đến vấn đề gì?# Thư chúc mừng năm mới được viết nhằm mục đích là gì ?#  Thư chúc mừng năm mới gồm có những nội dung chính là gì ?,"Thư chúc mừng năm mới có nội dung chính là: Hồ Chí Minh thay mặt Chính phủ chúc đồng bào và chiến sĩ năm mới dương lịch, dặn dò các chiến sĩ, đồng bào, các cán bộ, các cháu thanh niên và nhi đồng ra sức thi đua để đưa kháng chiến và kiến quốc đến nhiều thắng lợi mới và thành công mới.",Nội dung chính của Thư chúc mừng năm mới,1,"là: Hồ Chí Minh thay mặt Chính phủ chúc đồng bào và chiến sĩ năm mới dương lịch, dặn dò các chiến sĩ, đồng bào, các cán bộ, các cháu thanh niên và nhi đồng ra sức thi đua để đưa kháng chiến và kiến quốc đến nhiều thắng lợi mới và thành công mới.",,MISC:N:nội_dung+N:thư+V:chúc_mừng+N:năm+R:mới,1,HoChiMinhToanTap6,"19,44,37",
54,NoiDungDangTa,Nội dung Bức thư Đảng ta,Bức thư Đảng ta có nội dung chính là gì ?# Bức thư Đảng ta đề cập đến vấn đề gì ?# Bức thư Đảng ta nói về điều gì ?# Bức thư Đảng ta được viết nhằm mục đích gì ?# Bức thư Đảng ta gồm có những nội dung chính là gì ?,"Bức thư Đảng ta có nội dung chính là: Ông Trần Thắng Lợi kể cho các đồng chí chi bộ nghe về những khó khăn, thiếu thốn nhưng vinh quanh của Đảng ta trong thời kì đầu thành lập.",Nội dung chính của bức thư Đảng ta,1," là: Ông Trần Thắng Lợi kể cho các đồng chí chi bộ nghe về những khó khăn, thiếu thốn nhưng vinh quanh của Đảng ta trong thời kì đầu thành lập.",,MISC:N:nội_dung+N:thư+Np:Đảng+P:ta,6,HoChiMinhToanTap6,"19,20,44",